{
    "name":"Circle.001Geometry",
    "vertices":[0.540109,0,0.474017,0.680394,0,0.231244,0.717096,-0,-0.046734,0.644626,-0,-0.317597,0.474017,-0,-0.540109,0.231244,-0,-0.680394,-0.046734,-0,-0.717096,-0.317597,-0,-0.644626,-0.540109,-0,-0.474017,-0.680394,-0,-0.231244,-0.717096,0,0.046734,-0.644626,0,0.317597,-0.474017,0,0.540109,-0.231244,0,0.680394,0.046734,0,0.717096,0.317598,0,0.644625,0.680394,0.1,0.231244,0.540109,0.1,0.474017,0.717096,0.1,-0.046734,0.644626,0.1,-0.317597,0.474017,0.1,-0.540109,0.231244,0.1,-0.680394,-0.046734,0.1,-0.717096,-0.317597,0.1,-0.644626,-0.540109,0.1,-0.474017,-0.680394,0.1,-0.231244,-0.717096,0.1,0.046734,-0.644626,0.1,0.317597,-0.474017,0.1,0.540109,-0.231244,0.1,0.680394,0.046734,0.1,0.717096,0.317598,0.1,0.644625,1.22181,0.016804,0.630181,1.15611,0.016804,0.743887,1.30956,0.016804,-0.418346,1.3435,0.016804,-0.291485,0.630181,0.016804,-1.22181,0.743887,0.016804,-1.15611,-0.418346,0.016804,-1.30956,-0.291485,0.016804,-1.3435,-1.22181,0.016804,-0.630182,-1.15611,0.016804,-0.743887,-1.30956,0.016804,0.418346,-1.3435,0.016804,0.291485,-0.630181,0.016804,1.22181,-0.743887,0.016804,1.15611,0.418347,0.016804,1.30956,0.291486,0.016804,1.3435,1.22181,0.083196,0.630181,1.15611,0.083196,0.743887,1.30956,0.083196,-0.418346,1.3435,0.083196,-0.291485,0.630181,0.083196,-1.22181,0.743887,0.083196,-1.15611,-0.418346,0.083196,-1.30956,-0.291485,0.083196,-1.3435,-1.22181,0.083196,-0.630182,-1.15611,0.083196,-0.743887,-1.30956,0.083196,0.418346,-1.3435,0.083196,0.291485,-0.630181,0.083196,1.22181,-0.743887,0.083196,1.15611,0.418347,0.083196,1.30956,0.291486,0.083196,1.3435,0.946811,0,0.32179,0.751596,0,0.659624,0.997883,-0,-0.065034,0.897036,-0,-0.441956,0.659624,-0,-0.751596,0.32179,-0,-0.946811,-0.065034,-0,-0.997883,-0.441956,-0,-0.897037,-0.751595,-0,-0.659624,-0.946811,-0,-0.32179,-0.997883,0,0.065033,-0.897037,0,0.441956,-0.659624,0,0.751596,-0.32179,0,0.946811,0.065034,0,0.997883,0.441957,0,0.897036,0.946811,0.1,0.32179,0.751596,0.1,0.659624,0.997883,0.1,-0.065034,0.897036,0.1,-0.441956,0.659624,0.1,-0.751596,0.32179,0.1,-0.946811,-0.065034,0.1,-0.997883,-0.441956,0.1,-0.897037,-0.751595,0.1,-0.659624,-0.946811,0.1,-0.32179,-0.997883,0.1,0.065033,-0.897037,0.1,0.441956,-0.659624,0.1,0.751596,-0.32179,0.1,0.946811,0.065034,0.1,0.997883,0.441957,0.1,0.897036],
    "normals":[0.011058,0.041331,-0.999084,0.608468,0.793579,-0,-0.665547,-0.746356,-0,0.991396,0.130893,-0,-0.991396,-0.130894,-0,0.037045,0.021406,-0.999084,0.041331,-0.011058,0.999084,0.793579,-0.608468,-0,-0.793579,0.608468,-0,-0.978986,-0.203928,-0,-0.021406,0.037045,-0.999084,0.130893,-0.991396,-0,-0.130893,0.991396,-0,0.978986,0.203928,-0,0.011058,0.041331,0.999084,-0.608467,-0.793579,-0,0.86584,0.500321,-0,-0.86584,-0.500321,-0,0.966022,-0.258462,-0,-0.966021,0.258462,-0,0.500321,-0.86584,-0,-0.50032,0.86584,-0,-0.258461,-0.966022,-0,0.258462,0.966021,-0,0.665547,0.746356,-0,0.021406,-0.037045,0.999084,0.041331,-0.011058,-0.999084,0.836447,-0.548048,-0,0.746356,-0.665547,-0,-0.836446,0.548049,-0,-0.011058,-0.041331,0.999084,-0.203928,0.978986,-0,0.021406,-0.037045,-0.999084,-0.998366,-0.05714,-0,0.998366,0.05714,-0,-0.037045,-0.021406,0.999084,-0.746356,0.665547,-0,-0.011058,-0.041331,-0.999084,0.203929,-0.978986,-0,-0.041331,0.011058,0.999084,0.548048,0.836447,-0,-0.037045,-0.021406,-0.999084,-0.548048,-0.836447,-0,-0.021406,0.037045,0.999084,0.05714,-0.998366,-0,-0.041331,0.011058,-0.999084,-0.05714,0.998366,-0,0.037045,0.021406,0.999084,0,0,1,0,0,1,0,0,1,-0,0,1,-0,0,1,-0,0,1,-0,0,1,-0,0,1,-0,0,1,0,0,1,0,0,1,-0,0,1,0,0,1,0,0,1,-0,0,1,-0,-0,-1,-0,-0,-1,-0,-0,-1,0,-0,-1,-0,-0,-1,0,-0,-1,0,-0,-1,0,-0,-1,-0,-0,-1,-0,-0,-1,-0,-0,-1,0,-0,-1,-0,-0,-1,0,-0,-1,0,-0,-1,0,-0,-1,0.608468,0.793578,-0,0.258461,0.966022,-0,-0.130893,0.991397,-0,-0.500321,0.86584,-0,-0.793579,0.608468,-0,-0.966022,0.258461,-0,-0.991396,-0.130894,-0,-0.86584,-0.500321,-0,-0.608467,-0.793579,-0,-0.258461,-0.966022,-0,0.130893,-0.991396,-0,0.500321,-0.86584,-0,0.793579,-0.608467,-0,0.966022,-0.258461,-0,0.991396,0.130893,-0,0.86584,0.500321,-0],
    "metadata":{
        "generator":"io_three",
        "vertices":96,
        "normals":95,
        "type":"Geometry",
        "faces":96,
        "version":3,
        "uvs":0
    },
    "faces":[33,95,94,63,62,0,0,0,0,33,79,65,81,95,1,1,1,1,33,69,85,52,36,2,2,2,2,33,64,66,82,80,3,3,3,3,33,73,74,90,89,4,4,4,4,33,80,81,49,48,5,5,5,5,33,66,67,34,35,6,6,6,6,33,67,68,84,83,7,7,7,7,33,75,76,92,91,8,8,8,8,33,92,76,45,61,9,9,9,9,33,93,92,61,60,10,10,10,10,33,69,70,86,85,11,11,11,11,33,77,78,94,93,12,12,12,12,33,84,68,37,53,13,13,13,13,33,78,79,46,47,14,14,14,14,33,71,72,88,87,15,15,15,15,33,33,32,48,49,16,16,16,16,33,41,40,56,57,17,17,17,17,33,35,34,50,51,18,18,18,18,33,43,42,58,59,19,19,19,19,33,37,36,52,53,20,20,20,20,33,45,44,60,61,21,21,21,21,33,39,38,54,55,22,22,22,22,33,47,46,62,63,23,23,23,23,33,77,93,60,44,24,24,24,24,33,68,69,36,37,25,25,25,25,33,83,82,51,50,26,26,26,26,33,86,70,39,55,27,27,27,27,33,64,80,48,32,28,28,28,28,33,94,78,47,63,29,29,29,29,33,70,71,38,39,30,30,30,30,33,81,65,33,49,31,31,31,31,33,85,84,53,52,32,32,32,32,33,71,87,54,38,33,33,33,33,33,79,95,62,46,34,34,34,34,33,72,73,40,41,35,35,35,35,33,73,89,56,40,36,36,36,36,33,87,86,55,54,37,37,37,37,33,88,72,41,57,38,38,38,38,33,74,75,42,43,39,39,39,39,33,82,66,35,51,40,40,40,40,33,89,88,57,56,41,41,41,41,33,90,74,43,59,42,42,42,42,33,76,77,44,45,43,43,43,43,33,67,83,50,34,44,44,44,44,33,91,90,59,58,45,45,45,45,33,75,91,58,42,46,46,46,46,33,65,64,32,33,47,47,47,47,33,0,1,64,65,48,48,48,48,33,1,2,66,64,49,49,49,49,33,2,3,67,66,50,50,50,50,33,3,4,68,67,51,51,51,51,33,4,5,69,68,52,52,52,52,33,5,6,70,69,53,53,53,53,33,6,7,71,70,54,54,54,54,33,7,8,72,71,55,55,55,55,33,8,9,73,72,56,56,56,56,33,9,10,74,73,49,49,49,49,33,10,11,75,74,57,57,57,57,33,11,12,76,75,58,58,58,58,33,12,13,77,76,59,59,59,59,33,13,14,78,77,60,60,60,60,33,14,15,79,78,61,61,61,61,33,15,0,65,79,62,62,62,62,33,16,17,81,80,63,63,63,63,33,18,16,80,82,64,64,64,64,33,19,18,82,83,65,65,65,65,33,20,19,83,84,66,66,66,66,33,21,20,84,85,67,67,67,67,33,22,21,85,86,68,68,68,68,33,23,22,86,87,69,69,69,69,33,24,23,87,88,70,70,70,70,33,25,24,88,89,71,71,71,71,33,26,25,89,90,72,72,72,72,33,27,26,90,91,73,73,73,73,33,28,27,91,92,74,74,74,74,33,29,28,92,93,75,75,75,75,33,30,29,93,94,76,76,76,76,33,31,30,94,95,77,77,77,77,33,17,31,95,81,78,78,78,78,33,0,17,31,15,79,79,79,79,33,15,31,30,14,80,80,80,80,33,14,30,29,13,81,81,81,81,33,13,29,28,12,82,82,82,82,33,12,28,27,11,83,83,83,83,33,11,27,26,10,84,84,84,84,33,10,26,25,9,85,85,85,85,33,9,25,24,8,86,86,86,86,33,8,24,23,7,87,87,87,87,33,7,23,22,6,88,88,88,88,33,6,22,21,5,89,89,89,89,33,5,21,20,4,90,90,90,90,33,4,20,19,3,91,91,91,91,33,3,19,18,2,92,92,92,92,33,2,18,16,1,93,93,93,93,33,17,0,1,16,94,94,94,94],
    "uvs":[]
}