{
    "colors":[],
    "materials":[{
        "wireframe":false,
        "colorDiffuse":[0.591813,0.64,0.580632],
        "depthTest":true,
        "DbgColor":15658734,
        "transparent":false,
        "visible":true,
        "mapDiffuseWrap":["RepeatWrapping","RepeatWrapping"],
        "depthWrite":true,
        "specularCoef":50,
        "opacity":1,
        "blending":"NormalBlending",
        "mapDiffuseAnisotropy":1,
        "shading":"phong",
        "DbgIndex":0,
        "colorEmissive":[0,0,0],
        "colorSpecular":[0.5,0.5,0.5],
        "DbgName":"Material",
        "mapDiffuse":"/models/brick.jpg",
        "mapDiffuseRepeat":[1,1],
        "vertexColors":false
    }],
    "faces":[35,0,1,2,3,0,0,0,0,0,35,4,7,6,5,0,1,1,1,1,35,0,4,5,1,0,2,2,2,2,35,1,5,6,2,0,3,3,3,3,35,2,6,7,3,0,4,4,4,4,35,4,0,3,7,0,5,5,5,5],
    "metadata":{
        "colors":0,
        "materials":1,
        "type":"Geometry",
        "uvs":0,
        "vertices":8,
        "faces":6,
        "normals":6,
        "generator":"io_three",
        "version":3
    },
    "uvs":[],
    "vertices":[0.988778,-0.949324,-1.03706,0.988778,-0.949324,0.962945,-1.01122,-0.949324,0.962944,-1.01122,-0.949324,-1.03706,0.988779,1.05068,-1.03706,0.988778,1.05068,0.962945,-1.01122,1.05068,0.962944,-1.01122,1.05068,-1.03706],
    "name":"CubeGeometry.1",
    "normals":[-0,0,1,0,0,-1,1,0,-0,-0,1,0,-1,-0,0,0,-1,-0]
}
